{"continuous_full_charge_seconds": 70.31536769866943, "last_checked_time": 1780770678.7426097}